Model,AIC,N_predictors,Delta_AIC,Rank
HR: Best Single Metric,399.3903558775237,1,0,1
HR: High-Intensity Combined,400.01450802896466,1,0.6241521514409669,2
HR: Zones 4+5 Separate,401.66866372093534,2,2.2783078434116533,3
GPS + HR: Combined Model,403.6377702163098,3,4.247414338786086,4
